





# MySQL数据库-SQL基础

## 数据库安装

学习目标：

- 掌握如何在自己使用的平台安装数据库。
- 掌握如何 通过命令行登录数据库。
- 掌握如何使用数据库软件连接数据库。

### docker安装MySQL8.0.19

```bash
% docker exec -it 48d77511ca5e /bin/sh
# mysql -uroot -p
Enter password: 
Welcome to the MySQL monitor.  Commands end with ; or \g.
Your MySQL connection id is 8
Server version: 8.0.19 MySQL Community Server - GPL

Copyright (c) 2000, 2020, Oracle and/or its affiliates. All rights reserved.

Oracle is a registered trademark of Oracle Corporation and/or its
affiliates. Other names may be trademarks of their respective
owners.

Type 'help;' or '\h' for help. Type '\c' to clear the current input statement.
mysql> ALTER USER 'root'@'localhost' IDENTIFIED BY '123456';
Query OK, 0 rows affected (0.01 sec)

mysql> create user 'panda'@'%' identified with mysql_native_password by '123456';
Query OK, 0 rows affected (0.01 sec)

mysql> grant all privileges on *.* to 'panda'@'%';
Query OK, 0 rows affected (0.00 sec)
mysql> quit;
Bye
# exit
%
```



### 命令行登录数据库

```
$ mysql -uroot -p
#input your password
#then terminal will change to mysql>,such as below.
mysql>
```

### 软件连接数据库

<img src="https://tva1.sinaimg.cn/large/0081Kckwgy1gk5bt97sktj30sm0ls43s.jpg" alt="image-20201028203528688" style="zoom:50%;" />

- **Connection Name：**是这个连接的名字，一般是软件同时允许多个连接存在，这个名字便于区分，可以随便取。
- **Host：**是MySQL所在服务器的IP地址。此处 localhost 表示 127.0.0.1。
- **Port：**是MySQL服务所在的端口。此处是 3307端口。
- **User Name：**是连接MySQL需要的用户名。此处是 root 。
- **Password：**是连接MySQL时root用户的密码。此处是 123456。



### 练习1：安装数据库



## 数据库基本操作

学习目标

- 掌握创建数据库的方法
- 熟悉数据库删除操作
- 熟悉MySQL8.0中的系统表类型
- 练习并掌握数据库创建和删除操作



### 练习2：数据库的基本操作

##### 查看当前存在的所有数据库

```mysql
mysql> show databases;
+--------------------+
| Database           |
+--------------------+
| information_schema |
| ginblog            |
| mydb               |
| myschool           |
| mysql              |
| panda              |
| performance_schema |
| stugo              |
| tbook              |
| teamadmin          |
| tgoadmin           |
+--------------------+
11 rows in set (0.01 sec)
```

##### 查看MySQL5.6.4系统表类型

```mysql
mysql> select distinct(engine) from information_schema.tables;
+--------------------+
| engine             |
+--------------------+
| MEMORY             |
| MyISAM             |
| InnoDB             |
| CSV                |
| PERFORMANCE_SCHEMA |
+--------------------+
5 rows in set (0.08 sec)
```

##### 查看MySQL8.0.13系统表类型

##### 创建数据库

```mysql
mysql> create database test_db;
Query OK, 1 row affected (0.00 sec)
```

##### 查看数据库状态

```mysql
mysql> show create database test_db;
+----------+--------------------------------------------------------------------+
| Database | Create Database                                                    |
+----------+--------------------------------------------------------------------+
| test_db  | CREATE DATABASE `test_db` /*!40100 DEFAULT CHARACTER SET latin1 */ |
+----------+--------------------------------------------------------------------+
1 row in set (0.00 sec) 
```

##### 删除数据库

```mysql
mysql> drop database test_db;
Query OK, 0 rows affected (0.01 sec)
```

##### 查看数据库定义

```mysql
mysql> show create database test_db;
1049 - Unknown database 'test_db'
```

## 数据表的基本操作

学习目标

- 掌握如何创建和删除数据表
- 掌握查看数据表结构的方法
- 掌握如何修改数据表
- 完成练习

### 创建数据表

```mysql
# 建库
create database test_db;
# 使用库
use test_db;
# 建表
create table tb_emp1
(
  # 字段名 + 数据类型（类型长度）
	id int(11),
	name varchar(25),
	deptId int(11),
	salary float
);

# 显示当前库下所有表
show tables;

# 建表-主键约束-形式1
create table tb_emp2 
(
  # id 字段使用 主键约束
  id int(11) primary key,
  name varchar(25),
	deptId int(11),
	salary float
);

# 建表-主键约束-形式2
create table tb_emp3
(
  
  id int(11),
  name varchar(25),
	deptId int(11),
	salary float,
  # id 字段使用 主键约束
  primary key(id)
);

# 建表-主键约束-形式3
create table tb_emp4
(
  
  id int(11),
  name varchar(25),
	deptId int(11),
	salary float,
  # id和deptId 字段作为 联合主键约束
  primary key(id，deptId)
);

# 建表-非空约束
create table tb_dept1
(
  
  id int(11) primary key,
  # name 使用 not null 约束
  name varchar(22) not null,
	location varchar(50)
);

# 建表-外键约束
create table tb_emp5
(
  id int(11)  primary key,
  name varchar(25),
	deptId int(11),
	salary float,
  constraint fk_emp_dept1 foreign key(deptId) references tb_dept1(id)
);

# 建表-外键约束
create table tb_emp5
(
  id int(11)  primary key,
  name varchar(25),
	deptId int(11),
	salary float,
  constraint fk_emp_dept1 foreign key(deptId) references tb_dept1(id)
);

# 建表-非空约束
create table tb_emp6
(
  id int(11)  primary key,
  name varchar(25) not null,
	deptId int(11),
	salary float
);

# 建表-唯一性约束-形式1
create table tb_dept2
(
  id int(11) primary key,
  # 对 name 字段使用 唯一性约束
  name varchar(22) unique,
	location varchar(50)
);

# 建表-唯一性约束-形式2
create table tb_dept3
(
  id int(11) primary key,
  name varchar(22),
	location varchar(50),
  # sth 是约束名
  constraint sth unique(name)
);

# 建表-默认值约束
create table tb_emp7
(
  id int(11)  primary key,
  name varchar(25) not null,
  # deptId
	deptId int(11) default 1111,
	salary float
);

# 建表-自增约束
create table tb_emp8
(
  id int(11)  primary key auto_increment,
  name varchar(25) not null,
  # deptId
	deptId int(11) default 1111,
	salary float
);

# 向 表tb_emp8中插入三条数据
insert into tb_emp8 (name, salary) values ('Lucy',10000),('Lura',12000),('Kevin',15000);

# 查询 表中所有字段 
select * from tb_emp8;

# 查看表结构-形式1
describe tb_emp1;
# 查看表结构-形式2
desc tb_emp1;
# 表结构字段解释 
# Null 表示是否允许为Null。 
# key表示是否已编制索引。
# default：表示是否有默认值。
# Extra表示附加信息。如Auto_increment等

# 查看详细表结构-形式1-信息更加清晰易读
show create table tb_emp1\G
# 查看详细表结构-形式2-信息相对不易读
show create table tb_emp1;


```



### 修改数据表

```mysql
show tables;

# 修改数据表名
alter table tb_dept3 rename to tb_deptment3;

# 查看表结构：
# 下面大量使用这个命令打印表结构，用以验证各个修改命令是否正确执行。
desc tb_dept1;

# 修改字段数据类型
alter table tb_dept1 modify name varchar(30);

desc tb_dept1;

# 修改字段名和数据类型
alter table tb_dept1 change location loc varchar(50);

desc tb_dept1;

# 修改字段名和数据类型
alter table tb_dept1 change loc location varchar(60);

desc tb_dept1;

# 修改字段数据类型-使用change
alter table tb_dept1 change location location varchar(100);

desc tb_dept1;

# 添加字段-简单
alter table tb_dept1 add managerId int(10);

desc tb_dept1;

# 添加字段-带完整约束
alter table tb_dept1 add column1 varchar(12) not null;

desc tb_dept1;

# 添加字段-在最前
alter table tb_dept1 add column2 varchar(11) first;

desc tb_dept1;

# 添加字段-到指定字段的后面
alter table tb_dept1 add column3 varchar(11) after name;

desc tb_dept1;

# 删除字段
alter table tb_dept1 drop column2;

desc tb_dept1;

# 移动字段顺序-到最前
alter table tb_dept1 modify column1 varchar(12) first;

desc tb_dept1;

# 移动字段顺序-到指定字段之后
alter table tb_dept1 modify column1 varchar(12) after location;

desc tb_dept1;

# 修改表的存储引擎
alter table tb_deptment3 engine=MyISAM;

desc tb_deptment3;

# 创建表并添加外键
create table tb_emp9
(
  id int(11) primary key,
  name varchar(25),
  deptId int(11),
  salary float,
  constraint fk_emp_dept foreign key(deptId) references tb_dept1(id)
);

# 查看表的详细信息
show create table tb_emp9\G

# 删除表的外键约束
alter table tb_emp9 drop foreign key fk_emp_dept;

show create table tb_emp9\G

# 删除表
drop table if exists tb_dept2;

# 查看所有表-判断是否成功删除 tb_dept2
show tb_dept2

# 注意：删除被其他表关联的主表前，要先删除所有联系的外键。
```

### MySQL 8.0新特性1-默认字符集改为utf8mb4

中文再也不乱码了

### MySQL 8.0新特性2-自增变量的持久化

自增主键不再混乱。

### 练习3：数据表的基本操作





























## 杂乱笔记

![image-20200923173949904](MySQL-SQL基础/image-20200923173949904.png)

### SQL的基本概念

SQL (Structure Query Language) 结构化查询语言

- DDL (data define language) 数据定义语言
- DML(data machine language) 数据操作语言
- DCL(data control language) 数据控制语言
- DQL(data query language) 数据查询语言

## 云数据库RDS MySQL 版 

阿里云关系型数据库RDS（Relational Database Service）是一种稳定可靠、可弹性伸缩的在线数据库服务，提供容灾、备份、恢复、迁移等方面的全套解决方案，彻底解决数据库运维的烦恼。
RDS MySQL基于阿里巴巴的MySQL源码分支，经过双十一高并发、大数据量的考验，拥有优良的性能。RDS MySQL支持实例管理、账号管理、数据库管理、备份恢复、白名单、透明数据加密以及数据迁移等基本功能。

 

了解产品详情: https://www.aliyun.com/product/rds/mysql 



### Linux 下安装 rpm包方法。

- 在 Linux 的 /opt 目录下安装；
- `ls -ltr `列出当前目录详细文件列表。
- `rpm -qa|grep -i mysql` 查询当前机器是否安装了mysql。
- `rpm -e [RPM软件名]` 查找RPM安装的所有软件。
- `rpm -ivh [软件安装包路径]` 可以安装指定路径的软件。 
- i 是 install。
  - v 是 verbose 代表打印日志。
  - h 是 hash 代表显示进度条。
  - 例如： `rpm -ivh MySQL-server-5.5.48-1.linux2.6.i386.rpm` 代表安装本目录下的 **MySQL-server-5.5.48-1.linux2.6.i386.rpm**安装包文件。

## MySQL 简介

官网：[https://www.mysql.com](https://www.mysql.com)

### 什么是 **Mysql**

-  MySQL是一个关系型数据库管理系统，由瑞典MySQLAB公司开发，目前属于Oracle公司。

-  Mysql是开源的，可以定制的，采用了GPL协议，你可以修改源码来开发自己的Mysql系统。

-  MySQL使用标准的SQL数据语言形式。

-  Mysql可以允许于多个系统上，并且支持多种语言。这些编程语言包括C、C++、Python、Java、Perl、PHP、

  Eiffel、Ruby 和 Tcl 等。

-  MySQL支持大型数据库，支持5000万条记录的数据仓库，32位系统表文件最大可支持4GB，64位系统支

  持最大的表文件为 8TB。

### MySQL 高手是怎样练成的

-  数据库内部结构和原理
-  数据库建模优化
-  数据库索引建立
-  SQL 语句优化
-  SQL 编程(自定义函数、存储过程、触发器、定时任务)
-  mysql 服务器的安装配置
-  数据库的性能监控分析与系统优化
-  各种参数常量设定
- 主从复制
- 分布式架构搭建、垂直切割和水平切割 
- 数据迁移
- 容灾备份和恢复
- shell或python等脚本语言开发
- 对开源数据库进行二次开发

### 常用SQL语句

- `show databases`		列出所有数据库
- `create database 库名`		创建一个数据库
- `create database 库名 character set utf8`		创建数据库，顺便执行字符集为utf-8
- `show create database 库名`		查看数据库的字符集
- `show variables like ‘%char%’`		查询所有跟字符集相关的信息
- `set [字符集属性]=utf8`		设置相应的属性为 utf8。只是临时修改，当前有效。服务重启后， 失效。 
- `alter database 库名 character set 'utf8'`		修改数据库的字符集
- `alter table 表名 convert to character set 'utf8'`		修改表的字符集                                                                          
#### 练习01
- `CREATE database mydb;`
- `CREATE table mytable(id int,name varchar(30));`
- `insert into mytable(id,name) values (1,'jack');`
- `insert into mytable(id,name) values (2,'张三')`



## MySQL 用户管理



### 用户管理常用 SQL



```mysql
# 创建名称为 zhang3 的用户, 密码设为 123123;
create user zhang3 identified by '123123';
```

```mysql
# 修改当前用户的密码
set password =password('123456');
```

```mysql
# 修改其他用户的密码
# 所有通过 user 表的修改，必须用 flush privileges; 命令才能生效
update mysql.user set password=password('123456') where user='li4';
```

```mysql
# 修改用户名
# 所有通过 user 表的修改，必须用 flush privileges; 命令才能生效
update mysql.user set user='li4' where user='wang5';
```

```mysql
# 删除用户
# 不要通过 delete from user u where user='li4' 进行删除，系 统会有残留信息保留。
drop user li4
```



```mysql
# 查看用户和权限的相关信息
select host,user,password,select_priv,insert_priv,drop_priv from mysql.user;
```

![image-20201020170152674](https://tva1.sinaimg.cn/large/007S8ZIlgy1gjvwobva2dj31u20d0tj4.jpg)



- **host** ：表示连接类型
  - **%**：表示所有远程通过 TCP 方式的连接
  - **IP**： 地址 如 (`192.168.1.2`, `127.0.0.1`) 通过制定 ip 地址进行的 TCP 方式的连接
  - **机器名**： 通过制定 i 网络中的机器名进行的 TCP 方式的连接
  - **::1**： IPv6 的本地 ip 地址 等同于 IPv4 的 `127.0.0.1`
  - **localhost**： 本地方式通过命令行方式的连接 ，比如 `mysql -u xxx -p 123xxx` 方式的连接。

- **user**： 表示用户名 同一用户通过不同方式链接的权限是不一样的。

- **password**：密码
  - 所有密码串通过 password(明文字符串) 生成的密文字符串。
  - 加密算法为 MYSQLSHA1 ，不可逆 。
  - mysql 5.7 的密码保存到 `authentication_string` 字段中不再使用 `password` 字段。 
- **select_priv , insert_priv** 等

为该用户所拥有的权限